,0,1,2,3,4,5,6,7,8,9,10,11,12,13,14,15,16,17,18,19,20,21,22,23,24,25,26,27,28,29
0,0.03333333333333333,0.03333333333333333,0.03333333333333333,0.03333333333333333,0.03333333333333333,0.03333333333333333,0.03333333333333333,0.03333333333333333,0.03333333333333333,0.03333333333333333,0.03333333333333333,0.03333333333333333,0.03333333333333333,0.03333333333333333,0.03333333333333333,0.03333333333333333,0.03333333333333333,0.03333333333333333,0.03333333333333333,0.03333333333333333,0.03333333333333333,0.03333333333333333,0.03333333333333333,0.03333333333333333,0.03333333333333333,0.03333333333333333,0.03333333333333333,0.03333333333333333,0.03333333333333333,0.03333333333333333
1,0.03333333333333333,0.03333333333333333,0.03333333333333333,0.03333333333333333,0.03333333333333333,0.03333333333333333,0.03333333333333333,0.03333333333333333,0.033333333333333326,0.03333333333333333,0.03333333333333333,0.03333333333333333,0.033333333333333326,0.03333333333333333,0.033333333333333326,0.03333333333333333,0.03333333333333333,0.03333333333333333,0.03333333333333333,0.03333333333333333,0.03333333333333333,0.03333333333333333,0.03333333333333333,0.03333333333333333,0.03333333333333333,0.03333333333333333,0.03333333333333333,0.03333333333333333,0.03333333333333333,0.03333333333333333
2,0.03333333333333333,0.03333333333333333,0.03333333333333333,0.03333333333333333,0.03333333333333333,0.03333333333333333,0.03333333333333333,0.03333333333333333,0.03333333333333333,0.03333333333333333,0.03333333333333333,0.03333333333333333,0.03333333333333333,0.03333333333333333,0.03333333333333333,0.03333333333333333,0.03333333333333333,0.03333333333333333,0.03333333333333333,0.03333333333333333,0.03333333333333333,0.03333333333333333,0.03333333333333333,0.03333333333333333,0.03333333333333333,0.03333333333333333,0.03333333333333333,0.03333333333333332,0.03333333333333332,0.03333333333333332
3,0.03333333333333333,0.03333333333333333,0.03333333333333333,0.03333333333333333,0.03333333333333333,0.03333333333333333,0.03333333333333333,0.03333333333333333,0.03333333333333333,0.03333333333333333,0.03333333333333333,0.03333333333333333,0.03333333333333333,0.03333333333333333,0.03333333333333333,0.03333333333333333,0.03333333333333333,0.03333333333333333,0.03333333333333333,0.03333333333333333,0.03333333333333333,0.03333333333333333,0.03333333333333333,0.03333333333333333,0.03333333333333333,0.03333333333333333,0.03333333333333333,0.03333333333333333,0.03333333333333333,0.03333333333333337
4,0.03333333333333333,0.03333333333333333,0.03333333333333333,0.03333333333333333,0.03333333333333333,0.03333333333333333,0.03333333333333333,0.03333333333333333,0.03333333333333333,0.03333333333333333,0.03333333333333333,0.03333333333333333,0.03333333333333333,0.03333333333333333,0.03333333333333333,0.03333333333333333,0.03333333333333333,0.03333333333333333,0.03333333333333333,0.03333333333333333,0.03333333333333333,0.03333333333333333,0.03333333333333333,0.03333333333333333,0.03333333333333333,0.03333333333333333,0.03333333333333333,0.03333333333333333,0.03333333333333333,0.03333333333333333
5,0.03333333333333333,0.03333333333333333,0.03333333333333333,0.03333333333333333,0.03333333333333333,0.03333333333333333,0.03333333333333333,0.03333333333333333,0.03333333333333333,0.03333333333333333,0.03333333333333333,0.03333333333333333,0.03333333333333333,0.03333333333333333,0.03333333333333333,0.03333333333333333,0.03333333333333333,0.03333333333333333,0.03333333333333333,0.03333333333333333,0.03333333333333333,0.03333333333333333,0.03333333333333333,0.03333333333333333,0.03333333333333333,0.03333333333333333,0.03333333333333333,0.03333333333333333,0.033333333333333354,0.033333333333333354
6,0.03333333333333334,0.03333333333333336,0.03333333333333333,0.03333333333333335,0.03333333333333335,0.03333333333333333,0.03333333333333335,0.033333333333333354,0.03333333333333333,0.03333333333333333,0.03333333333333333,0.03333333333333333,0.03333333333333333,0.03333333333333333,0.03333333333333333,0.03333333333333333,0.03333333333333333,0.03333333333333333,0.03333333333333333,0.03333333333333335,0.03333333333333333,0.03333333333333333,0.03333333333333334,0.03333333333333334,0.033333333333333375,0.03333333333333333,0.03333333333333335,0.033333333333333354,0.03333333333333333,0.03333333333333334
7,0.033333333333333326,0.033333333333333326,0.033333333333333326,0.033333333333333326,0.033333333333333326,0.033333333333333326,0.033333333333333326,0.033333333333333326,0.033333333333333326,0.033333333333333326,0.033333333333333326,0.033333333333333326,0.033333333333333326,0.033333333333333326,0.033333333333333326,0.033333333333333326,0.033333333333333326,0.033333333333333326,0.033333333333333326,0.033333333333333326,0.033333333333333326,0.033333333333333326,0.033333333333333326,0.033333333333333326,0.033333333333333326,0.033333333333333326,0.033333333333333326,0.033333333333333326,0.03333333333333343,0.03333333333333343
8,0.033333333333333326,0.033333333333333326,0.033333333333333326,0.033333333333333326,0.033333333333333326,0.033333333333333326,0.033333333333333326,0.033333333333333326,0.033333333333333326,0.033333333333333326,0.033333333333333326,0.033333333333333326,0.033333333333333326,0.033333333333333326,0.033333333333333326,0.033333333333333326,0.033333333333333326,0.033333333333333326,0.033333333333333326,0.033333333333333326,0.033333333333333326,0.033333333333333326,0.033333333333333326,0.033333333333333326,0.033333333333333326,0.03333333333333333,0.03333333333333333,0.03333333333333333,0.03333333333333333,0.03333333333333333
9,0.03333333333333333,0.03333333333333333,0.03333333333333333,0.03333333333333333,0.03333333333333333,0.03333333333333333,0.03333333333333333,0.03333333333333333,0.03333333333333333,0.03333333333333333,0.03333333333333333,0.03333333333333333,0.03333333333333333,0.03333333333333333,0.03333333333333333,0.03333333333333333,0.03333333333333333,0.03333333333333333,0.03333333333333333,0.03333333333333333,0.03333333333333333,0.03333333333333333,0.03333333333333333,0.03333333333333333,0.03333333333333333,0.03333333333333333,0.033333333333333305,0.033333333333333305,0.033333333333333305,0.033333333333333305
10,0.033333333333333326,0.033333333333333326,0.033333333333333326,0.033333333333333326,0.033333333333333326,0.033333333333333326,0.033333333333333326,0.033333333333333326,0.033333333333333326,0.033333333333333326,0.033333333333333326,0.033333333333333326,0.033333333333333326,0.033333333333333326,0.033333333333333326,0.033333333333333326,0.033333333333333326,0.033333333333333326,0.033333333333333326,0.033333333333333326,0.033333333333333326,0.033333333333333326,0.033333333333333326,0.033333333333333326,0.033333333333333326,0.033333333333333326,0.03333333333333333,0.033333333333333326,0.033333333333333375,0.033333333333333375
11,0.033333333333333326,0.03333333333333332,0.03333333333333332,0.03333333333333332,0.033333333333333326,0.03333333333333332,0.03333333333333332,0.03333333333333332,0.03333333333333332,0.03333333333333332,0.03333333333333332,0.03333333333333332,0.03333333333333332,0.03333333333333332,0.03333333333333332,0.03333333333333332,0.03333333333333332,0.03333333333333332,0.03333333333333332,0.03333333333333332,0.033333333333333326,0.03333333333333332,0.03333333333333332,0.03333333333333332,0.03333333333333332,0.03333333333333332,0.03333333333333332,0.033333333333333326,0.033333333333333416,0.033333333333333416
12,0.03333333333333333,0.03333333333333333,0.03333333333333333,0.03333333333333333,0.03333333333333333,0.03333333333333333,0.03333333333333333,0.03333333333333333,0.03333333333333333,0.03333333333333333,0.03333333333333333,0.03333333333333333,0.03333333333333333,0.03333333333333333,0.03333333333333333,0.03333333333333333,0.03333333333333333,0.03333333333333333,0.03333333333333333,0.03333333333333333,0.03333333333333333,0.03333333333333333,0.03333333333333333,0.03333333333333333,0.03333333333333333,0.03333333333333333,0.03333333333333333,0.03333333333333333,0.033333333333333375,0.033333333333333375
13,0.033333333333333326,0.033333333333333326,0.033333333333333326,0.033333333333333326,0.033333333333333326,0.033333333333333326,0.033333333333333326,0.033333333333333326,0.033333333333333326,0.033333333333333326,0.033333333333333326,0.033333333333333326,0.033333333333333326,0.033333333333333326,0.033333333333333326,0.033333333333333326,0.033333333333333326,0.033333333333333326,0.033333333333333326,0.033333333333333326,0.033333333333333326,0.033333333333333326,0.033333333333333326,0.033333333333333326,0.033333333333333326,0.033333333333333326,0.033333333333333326,0.03333333333333338,0.03333333333333338,0.03333333333333338
14,0.03333333333333333,0.03333333333333333,0.03333333333333333,0.03333333333333333,0.03333333333333333,0.03333333333333333,0.03333333333333333,0.03333333333333333,0.03333333333333333,0.03333333333333333,0.03333333333333333,0.03333333333333333,0.03333333333333333,0.03333333333333333,0.03333333333333333,0.03333333333333333,0.03333333333333333,0.03333333333333333,0.03333333333333333,0.03333333333333333,0.03333333333333333,0.03333333333333333,0.03333333333333333,0.03333333333333333,0.03333333333333333,0.033333333333333326,0.033333333333333326,0.033333333333333326,0.033333333333333326,0.033333333333333326
15,0.03333333333333333,0.03333333333333333,0.03333333333333333,0.03333333333333333,0.03333333333333333,0.03333333333333333,0.03333333333333333,0.03333333333333333,0.03333333333333333,0.03333333333333333,0.03333333333333333,0.03333333333333333,0.03333333333333333,0.03333333333333333,0.03333333333333333,0.03333333333333333,0.03333333333333333,0.03333333333333333,0.03333333333333333,0.03333333333333333,0.03333333333333333,0.03333333333333333,0.03333333333333333,0.03333333333333333,0.03333333333333333,0.03333333333333333,0.03333333333333333,0.03333333333333333,0.03333333333333333,0.03333333333333333
16,0.03333333333333333,0.03333333333333333,0.03333333333333333,0.03333333333333333,0.03333333333333333,0.03333333333333333,0.03333333333333333,0.03333333333333333,0.03333333333333333,0.03333333333333333,0.03333333333333333,0.03333333333333333,0.03333333333333333,0.03333333333333333,0.03333333333333333,0.03333333333333333,0.03333333333333333,0.03333333333333333,0.03333333333333333,0.03333333333333333,0.03333333333333333,0.03333333333333333,0.03333333333333333,0.03333333333333333,0.03333333333333333,0.03333333333333333,0.03333333333333333,0.03333333333333333,0.03333333333333333,0.03333333333333333
17,0.03333333333333333,0.03333333333333333,0.03333333333333333,0.03333333333333333,0.03333333333333333,0.03333333333333333,0.03333333333333333,0.03333333333333333,0.03333333333333333,0.03333333333333333,0.03333333333333333,0.03333333333333333,0.03333333333333333,0.03333333333333333,0.03333333333333333,0.03333333333333333,0.03333333333333333,0.03333333333333333,0.03333333333333333,0.03333333333333333,0.03333333333333333,0.03333333333333333,0.03333333333333333,0.03333333333333333,0.03333333333333333,0.03333333333333333,0.03333333333333333,0.033333333333333326,0.033333333333333326,0.033333333333333326
18,0.03333333333333333,0.03333333333333333,0.03333333333333333,0.03333333333333333,0.03333333333333333,0.03333333333333333,0.03333333333333333,0.03333333333333333,0.03333333333333333,0.03333333333333333,0.03333333333333333,0.03333333333333333,0.03333333333333333,0.03333333333333333,0.03333333333333333,0.03333333333333333,0.03333333333333333,0.03333333333333333,0.03333333333333333,0.03333333333333333,0.03333333333333333,0.03333333333333333,0.03333333333333333,0.03333333333333333,0.03333333333333333,0.03333333333333333,0.03333333333333333,0.03333333333333333,0.03333333333333333,0.033333333333333326
19,0.03333333333333333,0.03333333333333333,0.03333333333333333,0.03333333333333334,0.03333333333333333,0.03333333333333333,0.03333333333333333,0.03333333333333333,0.03333333333333333,0.03333333333333334,0.03333333333333334,0.03333333333333333,0.03333333333333333,0.03333333333333333,0.03333333333333333,0.03333333333333333,0.03333333333333333,0.03333333333333333,0.03333333333333334,0.03333333333333333,0.03333333333333333,0.03333333333333333,0.03333333333333333,0.03333333333333333,0.03333333333333334,0.03333333333333333,0.03333333333333335,0.03333333333333333,0.03333333333333333,0.03333333333333333
20,0.03333333333333333,0.03333333333333333,0.03333333333333333,0.03333333333333333,0.03333333333333333,0.03333333333333333,0.03333333333333333,0.03333333333333333,0.03333333333333333,0.03333333333333333,0.03333333333333333,0.03333333333333333,0.03333333333333333,0.03333333333333333,0.03333333333333333,0.03333333333333333,0.03333333333333333,0.03333333333333333,0.03333333333333333,0.03333333333333333,0.03333333333333333,0.03333333333333333,0.03333333333333333,0.03333333333333333,0.03333333333333333,0.03333333333333333,0.03333333333333333,0.03333333333333333,0.03333333333333333,0.03333333333333335
21,0.03333333333333333,0.03333333333333333,0.03333333333333333,0.03333333333333333,0.03333333333333333,0.03333333333333333,0.03333333333333333,0.03333333333333333,0.03333333333333333,0.03333333333333333,0.03333333333333333,0.03333333333333333,0.03333333333333333,0.03333333333333333,0.03333333333333333,0.03333333333333333,0.03333333333333333,0.03333333333333333,0.03333333333333333,0.03333333333333333,0.03333333333333333,0.03333333333333333,0.03333333333333333,0.03333333333333333,0.03333333333333333,0.03333333333333333,0.03333333333333333,0.03333333333333333,0.03333333333333333,0.03333333333333333
22,0.03333333333333333,0.03333333333333333,0.03333333333333333,0.03333333333333333,0.03333333333333333,0.03333333333333333,0.03333333333333333,0.03333333333333333,0.03333333333333333,0.03333333333333333,0.03333333333333333,0.03333333333333333,0.03333333333333333,0.03333333333333333,0.03333333333333333,0.03333333333333333,0.03333333333333333,0.03333333333333333,0.03333333333333333,0.03333333333333333,0.03333333333333333,0.03333333333333333,0.03333333333333333,0.03333333333333333,0.03333333333333333,0.03333333333333333,0.03333333333333333,0.03333333333333333,0.03333333333333333,0.03333333333333333
23,0.03333333333333333,0.03333333333333333,0.03333333333333333,0.03333333333333333,0.03333333333333333,0.03333333333333333,0.03333333333333333,0.03333333333333333,0.03333333333333333,0.03333333333333333,0.03333333333333333,0.03333333333333333,0.03333333333333333,0.03333333333333333,0.03333333333333333,0.03333333333333333,0.03333333333333333,0.03333333333333333,0.03333333333333333,0.03333333333333333,0.03333333333333333,0.03333333333333333,0.03333333333333333,0.03333333333333333,0.03333333333333333,0.03333333333333333,0.03333333333333333,0.03333333333333333,0.03333333333333333,0.03333333333333332
24,0.03333333333333333,0.03333333333333333,0.03333333333333334,0.03333333333333334,0.03333333333333333,0.03333333333333334,0.03333333333333334,0.03333333333333334,0.03333333333333334,0.03333333333333333,0.03333333333333333,0.03333333333333334,0.03333333333333333,0.03333333333333334,0.03333333333333334,0.03333333333333333,0.03333333333333334,0.03333333333333334,0.03333333333333334,0.03333333333333333,0.03333333333333334,0.03333333333333334,0.03333333333333334,0.03333333333333334,0.03333333333333334,0.03333333333333334,0.03333333333333334,0.03333333333333333,0.03333333333333333,0.03333333333333334
25,0.03333333333333334,0.03333333333333333,0.03333333333333333,0.03333333333333333,0.03333333333333333,0.03333333333333333,0.03333333333333333,0.03333333333333333,0.03333333333333333,0.03333333333333333,0.03333333333333333,0.03333333333333333,0.03333333333333333,0.03333333333333333,0.03333333333333333,0.03333333333333333,0.03333333333333333,0.03333333333333334,0.03333333333333333,0.03333333333333333,0.03333333333333333,0.03333333333333333,0.03333333333333333,0.03333333333333333,0.03333333333333333,0.03333333333333334,0.03333333333333334,0.03333333333333333,0.03333333333333333,0.03333333333333343
26,0.03333333333333333,0.03333333333333333,0.03333333333333333,0.03333333333333333,0.03333333333333333,0.03333333333333333,0.03333333333333333,0.03333333333333333,0.03333333333333333,0.03333333333333333,0.03333333333333333,0.03333333333333333,0.03333333333333333,0.03333333333333333,0.03333333333333333,0.03333333333333333,0.03333333333333333,0.03333333333333333,0.03333333333333333,0.03333333333333333,0.03333333333333334,0.03333333333333333,0.03333333333333333,0.03333333333333333,0.03333333333333333,0.03333333333333333,0.03333333333333333,0.03333333333333333,0.03333333333333333,0.0333333333333334
27,0.03333333333333334,0.03333333333333333,0.03333333333333334,0.03333333333333334,0.03333333333333333,0.03333333333333334,0.03333333333333334,0.03333333333333334,0.03333333333333333,0.03333333333333334,0.03333333333333334,0.03333333333333334,0.03333333333333334,0.03333333333333334,0.03333333333333333,0.03333333333333334,0.03333333333333333,0.03333333333333334,0.03333333333333334,0.03333333333333334,0.03333333333333332,0.03333333333333334,0.03333333333333334,0.03333333333333334,0.03333333333333334,0.033333333333333326,0.03333333333333334,0.03333333333333334,0.03333333333333334,0.03333333333333334
28,0.033333333333333326,0.033333333333333326,0.033333333333333326,0.033333333333333326,0.033333333333333326,0.033333333333333326,0.033333333333333326,0.033333333333333326,0.033333333333333326,0.033333333333333326,0.033333333333333326,0.033333333333333326,0.033333333333333326,0.033333333333333326,0.033333333333333326,0.033333333333333326,0.033333333333333326,0.033333333333333326,0.033333333333333326,0.033333333333333326,0.03333333333333342,0.033333333333333326,0.033333333333333326,0.033333333333333326,0.033333333333333326,0.033333333333333375,0.033333333333333326,0.033333333333333326,0.033333333333333326,0.033333333333333326
29,0.03333333333333333,0.03333333333333333,0.03333333333333333,0.03333333333333333,0.03333333333333333,0.03333333333333333,0.03333333333333333,0.03333333333333333,0.03333333333333333,0.03333333333333333,0.03333333333333333,0.03333333333333333,0.03333333333333333,0.03333333333333333,0.03333333333333333,0.03333333333333333,0.03333333333333333,0.03333333333333333,0.03333333333333333,0.03333333333333333,0.03333333333333333,0.03333333333333333,0.03333333333333333,0.03333333333333333,0.03333333333333333,0.03333333333333333,0.03333333333333333,0.03333333333333333,0.03333333333333333,0.03333333333333333
30,0.033333333333333326,0.033333333333333326,0.033333333333333326,0.033333333333333326,0.033333333333333326,0.033333333333333326,0.033333333333333326,0.033333333333333326,0.033333333333333326,0.033333333333333326,0.033333333333333326,0.033333333333333326,0.033333333333333326,0.033333333333333326,0.033333333333333326,0.033333333333333326,0.033333333333333326,0.033333333333333326,0.033333333333333326,0.033333333333333326,0.033333333333333326,0.033333333333333326,0.033333333333333326,0.033333333333333326,0.033333333333333326,0.033333333333333326,0.033333333333333326,0.033333333333333326,0.033333333333333326,0.03333333333333347
31,0.03333333333333334,0.03333333333333334,0.03333333333333334,0.03333333333333334,0.03333333333333334,0.03333333333333334,0.03333333333333334,0.03333333333333334,0.03333333333333334,0.03333333333333334,0.03333333333333334,0.03333333333333334,0.03333333333333334,0.03333333333333334,0.03333333333333334,0.03333333333333334,0.03333333333333334,0.03333333333333334,0.03333333333333334,0.03333333333333334,0.03333333333333334,0.03333333333333334,0.03333333333333334,0.03333333333333334,0.03333333333333334,0.03333333333333334,0.03333333333333334,0.03333333333333334,0.03333333333333328,0.03333333333333328
32,0.03333333333333333,0.03333333333333333,0.03333333333333333,0.03333333333333333,0.03333333333333333,0.03333333333333333,0.03333333333333333,0.03333333333333333,0.03333333333333333,0.03333333333333333,0.03333333333333333,0.03333333333333333,0.03333333333333333,0.03333333333333333,0.03333333333333334,0.03333333333333333,0.03333333333333333,0.03333333333333333,0.03333333333333333,0.03333333333333333,0.03333333333333333,0.03333333333333333,0.03333333333333333,0.03333333333333333,0.03333333333333333,0.03333333333333333,0.03333333333333333,0.03333333333333333,0.03333333333333333,0.03333333333333333
33,0.033333333333333326,0.033333333333333326,0.033333333333333326,0.033333333333333326,0.033333333333333326,0.033333333333333326,0.033333333333333326,0.033333333333333326,0.033333333333333326,0.033333333333333326,0.033333333333333326,0.033333333333333326,0.033333333333333326,0.033333333333333326,0.033333333333333326,0.033333333333333326,0.033333333333333326,0.033333333333333326,0.033333333333333326,0.033333333333333326,0.033333333333333326,0.033333333333333326,0.033333333333333326,0.033333333333333326,0.033333333333333326,0.033333333333333326,0.033333333333333326,0.03333333333333334,0.03333333333333334,0.03333333333333334
34,0.03333333333333333,0.03333333333333333,0.03333333333333334,0.03333333333333333,0.03333333333333333,0.03333333333333333,0.03333333333333333,0.03333333333333333,0.03333333333333333,0.03333333333333334,0.03333333333333333,0.03333333333333333,0.03333333333333333,0.03333333333333333,0.03333333333333333,0.03333333333333333,0.03333333333333333,0.03333333333333333,0.03333333333333333,0.03333333333333334,0.03333333333333333,0.03333333333333333,0.03333333333333333,0.03333333333333333,0.03333333333333334,0.03333333333333333,0.03333333333333333,0.03333333333333334,0.03333333333333333,0.03333333333333334
35,0.03333333333333333,0.03333333333333333,0.03333333333333333,0.03333333333333333,0.03333333333333333,0.03333333333333333,0.03333333333333333,0.03333333333333333,0.03333333333333333,0.03333333333333333,0.03333333333333333,0.03333333333333333,0.03333333333333333,0.03333333333333333,0.03333333333333333,0.03333333333333333,0.03333333333333333,0.03333333333333333,0.03333333333333333,0.03333333333333333,0.03333333333333333,0.03333333333333333,0.03333333333333333,0.03333333333333333,0.03333333333333333,0.03333333333333333,0.03333333333333333,0.03333333333333333,0.03333333333333333,0.033333333333333375
36,0.03333333333333333,0.03333333333333333,0.03333333333333333,0.03333333333333333,0.03333333333333333,0.03333333333333333,0.03333333333333333,0.03333333333333333,0.03333333333333333,0.03333333333333333,0.03333333333333333,0.03333333333333333,0.03333333333333333,0.03333333333333333,0.03333333333333333,0.03333333333333333,0.03333333333333333,0.03333333333333333,0.03333333333333333,0.03333333333333333,0.03333333333333333,0.03333333333333333,0.03333333333333333,0.03333333333333333,0.03333333333333333,0.03333333333333333,0.03333333333333333,0.03333333333333333,0.033333333333333354,0.033333333333333354
37,0.033333333333333326,0.033333333333333326,0.033333333333333326,0.033333333333333326,0.033333333333333326,0.033333333333333326,0.033333333333333326,0.033333333333333326,0.033333333333333326,0.033333333333333326,0.033333333333333326,0.033333333333333326,0.033333333333333326,0.033333333333333326,0.033333333333333326,0.033333333333333326,0.033333333333333326,0.033333333333333326,0.033333333333333326,0.033333333333333326,0.033333333333333326,0.033333333333333326,0.033333333333333326,0.033333333333333326,0.033333333333333326,0.033333333333333326,0.033333333333333326,0.03333333333333338,0.03333333333333338,0.03333333333333338
38,0.03333333333333334,0.03333333333333334,0.03333333333333334,0.03333333333333334,0.03333333333333334,0.03333333333333334,0.03333333333333334,0.03333333333333334,0.03333333333333334,0.03333333333333334,0.03333333333333334,0.03333333333333334,0.03333333333333333,0.03333333333333334,0.03333333333333334,0.03333333333333334,0.03333333333333334,0.03333333333333334,0.03333333333333334,0.03333333333333334,0.03333333333333334,0.03333333333333334,0.03333333333333334,0.03333333333333334,0.03333333333333334,0.03333333333333334,0.03333333333333334,0.03333333333333331,0.03333333333333331,0.03333333333333331
39,0.03333333333333333,0.03333333333333333,0.03333333333333333,0.03333333333333333,0.03333333333333333,0.03333333333333333,0.03333333333333333,0.03333333333333333,0.03333333333333333,0.03333333333333333,0.03333333333333333,0.03333333333333333,0.03333333333333333,0.03333333333333333,0.03333333333333333,0.03333333333333333,0.03333333333333333,0.03333333333333333,0.03333333333333333,0.03333333333333333,0.03333333333333333,0.03333333333333333,0.03333333333333333,0.03333333333333333,0.03333333333333333,0.03333333333333333,0.03333333333333334,0.03333333333333334,0.03333333333333334,0.03333333333333334
40,0.03333333333333334,0.03333333333333334,0.03333333333333334,0.03333333333333334,0.03333333333333333,0.03333333333333334,0.03333333333333333,0.03333333333333332,0.03333333333333333,0.03333333333333334,0.03333333333333333,0.03333333333333334,0.03333333333333334,0.033333333333333326,0.03333333333333334,0.03333333333333334,0.03333333333333332,0.033333333333333326,0.03333333333333334,0.03333333333333334,0.03333333333333333,0.033333333333333326,0.03333333333333333,0.03333333333333333,0.03333333333333334,0.03333333333333334,0.03333333333333334,0.03333333333333334,0.03333333333333334,0.03333333333333334
41,0.03333333333333334,0.03333333333333333,0.03333333333333334,0.03333333333333334,0.03333333333333334,0.03333333333333334,0.03333333333333333,0.03333333333333334,0.03333333333333334,0.03333333333333334,0.03333333333333334,0.03333333333333334,0.03333333333333333,0.03333333333333334,0.03333333333333334,0.03333333333333334,0.03333333333333334,0.03333333333333334,0.03333333333333333,0.03333333333333334,0.03333333333333333,0.03333333333333334,0.03333333333333334,0.03333333333333334,0.03333333333333333,0.03333333333333334,0.03333333333333333,0.03333333333333334,0.03333333333333334,0.03333333333333318
42,0.033333333333333326,0.033333333333333326,0.033333333333333326,0.033333333333333326,0.033333333333333326,0.033333333333333326,0.033333333333333326,0.033333333333333326,0.033333333333333326,0.033333333333333326,0.033333333333333326,0.033333333333333326,0.033333333333333326,0.033333333333333326,0.033333333333333326,0.033333333333333326,0.033333333333333326,0.033333333333333326,0.033333333333333326,0.033333333333333326,0.033333333333333326,0.033333333333333326,0.033333333333333326,0.033333333333333326,0.033333333333333326,0.033333333333333326,0.033333333333333326,0.03333333333333339,0.03333333333333339,0.03333333333333339
43,0.03333333333333333,0.03333333333333333,0.03333333333333333,0.03333333333333333,0.03333333333333333,0.03333333333333333,0.03333333333333333,0.03333333333333333,0.03333333333333333,0.03333333333333333,0.03333333333333333,0.03333333333333333,0.03333333333333333,0.03333333333333333,0.03333333333333333,0.03333333333333333,0.03333333333333333,0.03333333333333333,0.03333333333333333,0.03333333333333333,0.03333333333333333,0.03333333333333333,0.03333333333333333,0.03333333333333333,0.03333333333333333,0.03333333333333333,0.03333333333333333,0.03333333333333333,0.03333333333333333,0.03333333333333333
44,0.03333333333333333,0.03333333333333333,0.03333333333333333,0.03333333333333333,0.03333333333333333,0.03333333333333333,0.03333333333333333,0.03333333333333333,0.03333333333333333,0.03333333333333333,0.03333333333333333,0.03333333333333333,0.03333333333333333,0.03333333333333333,0.03333333333333333,0.03333333333333333,0.03333333333333333,0.03333333333333333,0.03333333333333333,0.03333333333333333,0.03333333333333333,0.03333333333333333,0.03333333333333333,0.03333333333333333,0.03333333333333333,0.03333333333333333,0.03333333333333333,0.03333333333333333,0.03333333333333333,0.03333333333333333
45,0.03333333333333333,0.03333333333333333,0.03333333333333333,0.03333333333333333,0.03333333333333333,0.03333333333333333,0.03333333333333333,0.03333333333333333,0.03333333333333333,0.03333333333333333,0.03333333333333333,0.03333333333333333,0.03333333333333333,0.03333333333333333,0.03333333333333333,0.03333333333333333,0.03333333333333333,0.03333333333333333,0.03333333333333333,0.03333333333333333,0.03333333333333333,0.03333333333333333,0.03333333333333333,0.03333333333333333,0.03333333333333333,0.03333333333333333,0.03333333333333333,0.033333333333333326,0.03333333333333333,0.03333333333333327
46,0.033333333333333326,0.033333333333333326,0.033333333333333326,0.033333333333333326,0.033333333333333326,0.033333333333333326,0.033333333333333326,0.033333333333333326,0.033333333333333326,0.033333333333333326,0.033333333333333326,0.033333333333333326,0.033333333333333326,0.033333333333333326,0.033333333333333326,0.033333333333333326,0.033333333333333326,0.033333333333333326,0.033333333333333326,0.033333333333333326,0.033333333333333326,0.033333333333333326,0.033333333333333326,0.033333333333333326,0.033333333333333326,0.03333333333333333,0.033333333333333326,0.033333333333333326,0.03333333333333338,0.03333333333333338
47,0.03333333333333335,0.03333333333333333,0.03333333333333333,0.03333333333333333,0.03333333333333333,0.03333333333333335,0.03333333333333335,0.03333333333333334,0.03333333333333336,0.03333333333333333,0.03333333333333334,0.03333333333333333,0.03333333333333333,0.033333333333333354,0.03333333333333333,0.03333333333333333,0.03333333333333333,0.03333333333333333,0.03333333333333333,0.03333333333333333,0.03333333333333333,0.03333333333333334,0.03333333333333334,0.03333333333333333,0.03333333333333334,0.03333333333333334,0.03333333333333334,0.03333333333333333,0.03333333333333333,0.03333333333333333
48,0.03333333333333333,0.03333333333333333,0.03333333333333333,0.03333333333333333,0.03333333333333333,0.03333333333333333,0.03333333333333333,0.03333333333333333,0.03333333333333333,0.03333333333333333,0.03333333333333333,0.03333333333333333,0.03333333333333333,0.03333333333333333,0.03333333333333333,0.03333333333333333,0.03333333333333333,0.03333333333333333,0.03333333333333333,0.03333333333333333,0.03333333333333333,0.03333333333333333,0.03333333333333333,0.03333333333333333,0.03333333333333333,0.03333333333333333,0.03333333333333333,0.03333333333333333,0.03333333333333333,0.03333333333333333
49,0.03333333333333333,0.03333333333333333,0.03333333333333333,0.03333333333333333,0.03333333333333333,0.03333333333333333,0.03333333333333333,0.03333333333333333,0.03333333333333333,0.03333333333333333,0.03333333333333333,0.03333333333333333,0.03333333333333333,0.03333333333333333,0.03333333333333333,0.03333333333333333,0.03333333333333333,0.03333333333333333,0.03333333333333333,0.03333333333333333,0.03333333333333333,0.03333333333333333,0.03333333333333333,0.03333333333333333,0.03333333333333333,0.03333333333333333,0.03333333333333333,0.03333333333333333,0.03333333333333333,0.03333333333333333
50,0.03333333333333333,0.03333333333333333,0.03333333333333333,0.03333333333333333,0.03333333333333333,0.03333333333333333,0.03333333333333333,0.03333333333333333,0.03333333333333333,0.03333333333333333,0.03333333333333333,0.03333333333333333,0.03333333333333333,0.03333333333333333,0.03333333333333333,0.03333333333333333,0.03333333333333333,0.03333333333333333,0.03333333333333333,0.03333333333333333,0.03333333333333333,0.03333333333333333,0.03333333333333333,0.03333333333333333,0.03333333333333333,0.03333333333333333,0.03333333333333333,0.03333333333333333,0.03333333333333333,0.03333333333333333
51,0.03333333333333333,0.03333333333333333,0.03333333333333333,0.03333333333333333,0.03333333333333333,0.03333333333333333,0.03333333333333333,0.03333333333333333,0.03333333333333333,0.03333333333333333,0.03333333333333333,0.03333333333333333,0.03333333333333333,0.03333333333333333,0.03333333333333333,0.03333333333333333,0.03333333333333333,0.03333333333333333,0.03333333333333333,0.03333333333333333,0.03333333333333333,0.03333333333333333,0.03333333333333333,0.03333333333333333,0.03333333333333333,0.03333333333333333,0.03333333333333333,0.03333333333333333,0.03333333333333333,0.03333333333333333
52,0.03333333333333334,0.03333333333333334,0.03333333333333334,0.03333333333333334,0.03333333333333334,0.03333333333333334,0.03333333333333334,0.03333333333333334,0.03333333333333334,0.03333333333333334,0.03333333333333334,0.03333333333333334,0.03333333333333333,0.03333333333333334,0.03333333333333333,0.03333333333333334,0.03333333333333334,0.03333333333333334,0.03333333333333334,0.03333333333333334,0.03333333333333334,0.03333333333333334,0.03333333333333334,0.03333333333333334,0.03333333333333334,0.03333333333333334,0.03333333333333334,0.03333333333333334,0.03333333333333334,0.033333333333333263
53,0.03333333333333333,0.03333333333333333,0.03333333333333333,0.03333333333333333,0.03333333333333333,0.03333333333333333,0.03333333333333334,0.03333333333333333,0.03333333333333333,0.03333333333333333,0.03333333333333333,0.03333333333333333,0.03333333333333333,0.03333333333333333,0.03333333333333333,0.03333333333333333,0.03333333333333333,0.03333333333333333,0.03333333333333333,0.03333333333333333,0.03333333333333333,0.03333333333333333,0.03333333333333333,0.03333333333333333,0.03333333333333333,0.03333333333333333,0.03333333333333333,0.03333333333333333,0.03333333333333333,0.03333333333333333
54,0.03333333333333334,0.03333333333333334,0.03333333333333334,0.03333333333333333,0.03333333333333334,0.03333333333333334,0.03333333333333333,0.03333333333333334,0.033333333333333326,0.03333333333333334,0.03333333333333333,0.03333333333333334,0.03333333333333334,0.03333333333333334,0.03333333333333334,0.03333333333333334,0.03333333333333334,0.03333333333333334,0.03333333333333334,0.03333333333333334,0.03333333333333334,0.03333333333333334,0.03333333333333334,0.03333333333333334,0.03333333333333334,0.03333333333333334,0.03333333333333334,0.03333333333333332,0.03333333333333333,0.03333333333333334
55,0.033333333333333326,0.033333333333333326,0.033333333333333326,0.033333333333333326,0.033333333333333326,0.033333333333333326,0.03333333333333334,0.03333333333333339,0.033333333333333326,0.03333333333333334,0.03333333333333333,0.033333333333333326,0.03333333333333333,0.033333333333333326,0.033333333333333354,0.03333333333333335,0.03333333333333333,0.033333333333333326,0.033333333333333326,0.033333333333333326,0.033333333333333326,0.033333333333333326,0.033333333333333326,0.03333333333333333,0.033333333333333326,0.033333333333333326,0.033333333333333326,0.03333333333333333,0.033333333333333326,0.033333333333333326
56,0.03333333333333333,0.03333333333333333,0.03333333333333333,0.03333333333333333,0.03333333333333333,0.03333333333333333,0.03333333333333333,0.03333333333333333,0.03333333333333333,0.03333333333333333,0.03333333333333333,0.03333333333333333,0.03333333333333333,0.03333333333333333,0.03333333333333333,0.03333333333333333,0.03333333333333333,0.03333333333333333,0.03333333333333333,0.03333333333333333,0.03333333333333333,0.03333333333333333,0.03333333333333333,0.03333333333333333,0.03333333333333333,0.03333333333333333,0.03333333333333333,0.03333333333333333,0.03333333333333333,0.03333333333333333
57,0.03333333333333333,0.03333333333333333,0.03333333333333333,0.03333333333333333,0.03333333333333333,0.03333333333333333,0.03333333333333333,0.03333333333333333,0.03333333333333333,0.03333333333333333,0.03333333333333333,0.03333333333333333,0.03333333333333333,0.03333333333333333,0.03333333333333333,0.03333333333333333,0.03333333333333333,0.03333333333333333,0.03333333333333333,0.03333333333333333,0.03333333333333333,0.03333333333333333,0.03333333333333333,0.03333333333333333,0.03333333333333333,0.03333333333333333,0.03333333333333333,0.03333333333333333,0.03333333333333333,0.03333333333333333
58,0.03333333333333332,0.03333333333333332,0.03333333333333332,0.03333333333333332,0.03333333333333332,0.033333333333333326,0.03333333333333332,0.033333333333333326,0.03333333333333332,0.03333333333333332,0.03333333333333332,0.03333333333333332,0.03333333333333332,0.03333333333333332,0.03333333333333332,0.03333333333333332,0.03333333333333332,0.03333333333333332,0.03333333333333332,0.03333333333333332,0.03333333333333332,0.03333333333333332,0.03333333333333332,0.03333333333333332,0.03333333333333332,0.033333333333333326,0.03333333333333332,0.03333333333333332,0.03333333333333342,0.03333333333333342
59,0.03333333333333333,0.03333333333333333,0.03333333333333333,0.03333333333333333,0.03333333333333333,0.03333333333333333,0.03333333333333333,0.03333333333333333,0.03333333333333333,0.03333333333333333,0.03333333333333333,0.03333333333333333,0.03333333333333333,0.03333333333333333,0.03333333333333333,0.03333333333333333,0.03333333333333333,0.03333333333333333,0.03333333333333333,0.03333333333333333,0.03333333333333333,0.03333333333333333,0.03333333333333333,0.03333333333333333,0.03333333333333333,0.03333333333333333,0.03333333333333333,0.03333333333333333,0.03333333333333333,0.03333333333333333
60,0.03333333333333334,0.03333333333333334,0.03333333333333334,0.03333333333333334,0.03333333333333334,0.03333333333333334,0.03333333333333334,0.03333333333333333,0.03333333333333334,0.03333333333333334,0.03333333333333334,0.03333333333333334,0.03333333333333334,0.03333333333333334,0.03333333333333334,0.03333333333333334,0.03333333333333334,0.03333333333333334,0.03333333333333334,0.03333333333333334,0.03333333333333334,0.03333333333333334,0.03333333333333334,0.03333333333333334,0.03333333333333334,0.03333333333333334,0.03333333333333334,0.03333333333333334,0.03333333333333329,0.03333333333333329
61,0.03333333333333333,0.03333333333333333,0.03333333333333333,0.03333333333333333,0.03333333333333333,0.03333333333333333,0.03333333333333333,0.03333333333333333,0.03333333333333333,0.03333333333333333,0.03333333333333333,0.03333333333333333,0.03333333333333333,0.03333333333333333,0.03333333333333333,0.03333333333333333,0.03333333333333333,0.03333333333333333,0.03333333333333333,0.03333333333333333,0.03333333333333333,0.03333333333333333,0.03333333333333333,0.03333333333333333,0.03333333333333333,0.03333333333333333,0.03333333333333333,0.03333333333333333,0.03333333333333333,0.033333333333333416
62,0.03333333333333333,0.033333333333333354,0.03333333333333333,0.03333333333333334,0.03333333333333335,0.03333333333333334,0.03333333333333334,0.03333333333333334,0.03333333333333333,0.03333333333333333,0.03333333333333333,0.03333333333333333,0.03333333333333334,0.03333333333333333,0.03333333333333333,0.03333333333333334,0.03333333333333334,0.03333333333333333,0.03333333333333334,0.03333333333333334,0.03333333333333334,0.03333333333333334,0.03333333333333333,0.03333333333333335,0.03333333333333333,0.03333333333333334,0.03333333333333333,0.03333333333333334,0.03333333333333335,0.03333333333333333
63,0.03333333333333333,0.03333333333333333,0.03333333333333333,0.03333333333333333,0.03333333333333333,0.03333333333333333,0.03333333333333333,0.03333333333333333,0.03333333333333333,0.03333333333333333,0.03333333333333333,0.03333333333333333,0.03333333333333333,0.03333333333333333,0.03333333333333333,0.03333333333333333,0.03333333333333333,0.03333333333333333,0.03333333333333333,0.03333333333333333,0.03333333333333333,0.03333333333333333,0.03333333333333333,0.03333333333333333,0.03333333333333333,0.03333333333333333,0.03333333333333333,0.03333333333333333,0.03333333333333333,0.03333333333333333
64,0.03333333333333333,0.03333333333333333,0.03333333333333333,0.03333333333333333,0.03333333333333333,0.03333333333333333,0.03333333333333333,0.03333333333333333,0.03333333333333333,0.03333333333333333,0.03333333333333333,0.03333333333333333,0.03333333333333333,0.03333333333333333,0.03333333333333333,0.03333333333333333,0.03333333333333333,0.03333333333333333,0.03333333333333333,0.03333333333333333,0.03333333333333333,0.03333333333333333,0.03333333333333333,0.03333333333333333,0.03333333333333333,0.03333333333333333,0.03333333333333333,0.03333333333333333,0.03333333333333333,0.03333333333333333
65,0.033333333333333326,0.033333333333333326,0.033333333333333326,0.033333333333333326,0.03333333333333333,0.033333333333333326,0.033333333333333326,0.033333333333333326,0.033333333333333326,0.033333333333333326,0.033333333333333326,0.033333333333333326,0.033333333333333326,0.033333333333333326,0.033333333333333326,0.033333333333333326,0.033333333333333326,0.033333333333333326,0.033333333333333326,0.033333333333333326,0.033333333333333326,0.033333333333333326,0.033333333333333326,0.033333333333333326,0.033333333333333326,0.033333333333333326,0.033333333333333326,0.033333333333333326,0.03333333333333341,0.03333333333333341
66,0.03333333333333333,0.03333333333333333,0.03333333333333333,0.03333333333333333,0.03333333333333333,0.03333333333333333,0.03333333333333333,0.03333333333333333,0.03333333333333333,0.03333333333333333,0.03333333333333333,0.03333333333333333,0.03333333333333333,0.03333333333333333,0.03333333333333333,0.03333333333333333,0.03333333333333333,0.03333333333333333,0.03333333333333333,0.03333333333333333,0.03333333333333333,0.03333333333333333,0.03333333333333333,0.03333333333333333,0.03333333333333333,0.03333333333333333,0.03333333333333333,0.03333333333333333,0.03333333333333331,0.03333333333333331
67,0.033333333333333326,0.033333333333333326,0.033333333333333326,0.033333333333333326,0.03333333333333333,0.03333333333333333,0.033333333333333326,0.033333333333333326,0.03333333333333333,0.033333333333333326,0.033333333333333326,0.033333333333333326,0.033333333333333326,0.033333333333333326,0.033333333333333326,0.03333333333333333,0.033333333333333326,0.033333333333333326,0.033333333333333326,0.033333333333333326,0.033333333333333326,0.033333333333333326,0.033333333333333326,0.033333333333333326,0.033333333333333326,0.033333333333333326,0.033333333333333326,0.033333333333333326,0.033333333333333326,0.03333333333333348
68,0.03333333333333334,0.03333333333333333,0.03333333333333334,0.03333333333333334,0.03333333333333334,0.03333333333333333,0.03333333333333334,0.03333333333333334,0.03333333333333333,0.03333333333333334,0.03333333333333334,0.03333333333333334,0.03333333333333333,0.03333333333333334,0.03333333333333334,0.033333333333333326,0.03333333333333333,0.03333333333333334,0.03333333333333333,0.03333333333333334,0.03333333333333333,0.03333333333333333,0.03333333333333334,0.03333333333333332,0.03333333333333333,0.033333333333333326,0.033333333333333326,0.03333333333333333,0.033333333333333326,0.03333333333333334
69,0.03333333333333333,0.03333333333333334,0.03333333333333334,0.03333333333333333,0.03333333333333334,0.03333333333333334,0.03333333333333334,0.03333333333333334,0.03333333333333334,0.03333333333333334,0.03333333333333333,0.03333333333333334,0.03333333333333334,0.03333333333333334,0.03333333333333334,0.03333333333333333,0.03333333333333334,0.03333333333333334,0.03333333333333333,0.03333333333333333,0.03333333333333334,0.03333333333333334,0.03333333333333333,0.03333333333333333,0.03333333333333334,0.03333333333333333,0.03333333333333333,0.03333333333333334,0.03333333333333333,0.03333333333333334
70,0.03333333333333333,0.03333333333333333,0.03333333333333333,0.03333333333333333,0.03333333333333333,0.03333333333333333,0.03333333333333333,0.03333333333333333,0.03333333333333333,0.03333333333333333,0.03333333333333333,0.03333333333333333,0.03333333333333333,0.03333333333333333,0.03333333333333333,0.03333333333333333,0.03333333333333333,0.03333333333333333,0.03333333333333333,0.03333333333333333,0.03333333333333333,0.03333333333333333,0.03333333333333333,0.03333333333333333,0.03333333333333333,0.03333333333333333,0.03333333333333333,0.03333333333333333,0.03333333333333333,0.03333333333333333
71,0.033333333333333326,0.033333333333333326,0.033333333333333326,0.033333333333333326,0.033333333333333326,0.033333333333333326,0.033333333333333326,0.033333333333333326,0.033333333333333326,0.033333333333333326,0.033333333333333326,0.033333333333333326,0.033333333333333326,0.033333333333333326,0.033333333333333326,0.033333333333333326,0.033333333333333326,0.033333333333333326,0.033333333333333326,0.033333333333333326,0.033333333333333326,0.033333333333333326,0.033333333333333326,0.033333333333333326,0.033333333333333326,0.033333333333333326,0.033333333333333326,0.033333333333333326,0.033333333333333326,0.03333333333333346
72,0.03333333333333333,0.03333333333333333,0.03333333333333333,0.03333333333333333,0.03333333333333333,0.03333333333333333,0.03333333333333333,0.03333333333333333,0.03333333333333333,0.03333333333333333,0.03333333333333333,0.03333333333333333,0.03333333333333333,0.03333333333333333,0.03333333333333333,0.03333333333333333,0.03333333333333333,0.03333333333333333,0.03333333333333333,0.03333333333333333,0.03333333333333333,0.03333333333333333,0.03333333333333333,0.03333333333333333,0.03333333333333333,0.03333333333333333,0.03333333333333333,0.03333333333333333,0.03333333333333334,0.03333333333333334
73,0.033333333333333326,0.033333333333333326,0.033333333333333326,0.033333333333333326,0.033333333333333326,0.033333333333333326,0.033333333333333326,0.033333333333333326,0.033333333333333326,0.033333333333333326,0.033333333333333326,0.03333333333333333,0.033333333333333326,0.033333333333333326,0.033333333333333326,0.033333333333333326,0.033333333333333326,0.033333333333333326,0.033333333333333326,0.03333333333333333,0.033333333333333326,0.033333333333333326,0.033333333333333326,0.033333333333333326,0.033333333333333326,0.033333333333333326,0.033333333333333326,0.033333333333333326,0.033333333333333326,0.03333333333333344
74,0.033333333333333326,0.033333333333333326,0.033333333333333326,0.033333333333333326,0.033333333333333326,0.033333333333333326,0.033333333333333326,0.033333333333333326,0.033333333333333326,0.033333333333333326,0.033333333333333326,0.033333333333333326,0.033333333333333326,0.033333333333333326,0.033333333333333326,0.033333333333333326,0.033333333333333326,0.033333333333333326,0.033333333333333326,0.033333333333333326,0.033333333333333326,0.033333333333333326,0.033333333333333326,0.033333333333333326,0.033333333333333326,0.033333333333333326,0.03333333333333333,0.033333333333333326,0.033333333333333354,0.033333333333333354
75,0.03333333333333332,0.03333333333333334,0.03333333333333334,0.03333333333333333,0.03333333333333334,0.033333333333333284,0.03333333333333334,0.033333333333333326,0.03333333333333334,0.03333333333333333,0.03333333333333334,0.03333333333333334,0.03333333333333333,0.03333333333333334,0.03333333333333333,0.03333333333333334,0.03333333333333333,0.03333333333333331,0.03333333333333334,0.03333333333333334,0.033333333333333326,0.03333333333333333,0.03333333333333334,0.03333333333333334,0.03333333333333334,0.03333333333333334,0.03333333333333334,0.03333333333333334,0.03333333333333334,0.03333333333333334
76,0.03333333333333333,0.03333333333333333,0.03333333333333333,0.03333333333333333,0.03333333333333333,0.03333333333333333,0.03333333333333333,0.03333333333333333,0.03333333333333333,0.03333333333333333,0.03333333333333333,0.03333333333333333,0.03333333333333333,0.03333333333333333,0.03333333333333333,0.03333333333333333,0.03333333333333333,0.03333333333333333,0.03333333333333333,0.03333333333333334,0.03333333333333333,0.03333333333333333,0.03333333333333334,0.03333333333333333,0.03333333333333333,0.03333333333333333,0.03333333333333333,0.03333333333333333,0.03333333333333333,0.03333333333333343
77,0.03333333333333333,0.03333333333333333,0.03333333333333333,0.03333333333333333,0.03333333333333333,0.03333333333333333,0.03333333333333333,0.03333333333333333,0.03333333333333333,0.03333333333333333,0.03333333333333333,0.03333333333333333,0.03333333333333333,0.03333333333333333,0.03333333333333333,0.03333333333333333,0.03333333333333333,0.03333333333333333,0.03333333333333333,0.03333333333333333,0.03333333333333333,0.03333333333333333,0.03333333333333333,0.03333333333333333,0.03333333333333333,0.03333333333333333,0.03333333333333333,0.03333333333333333,0.03333333333333339,0.03333333333333339
78,0.03333333333333334,0.03333333333333334,0.03333333333333334,0.03333333333333334,0.03333333333333334,0.03333333333333334,0.03333333333333334,0.03333333333333334,0.03333333333333334,0.03333333333333334,0.03333333333333334,0.03333333333333334,0.03333333333333334,0.03333333333333334,0.03333333333333334,0.03333333333333334,0.03333333333333334,0.03333333333333334,0.03333333333333334,0.03333333333333334,0.03333333333333334,0.03333333333333334,0.03333333333333334,0.03333333333333334,0.03333333333333334,0.03333333333333334,0.03333333333333334,0.03333333333333334,0.03333333333333334,0.03333333333333325
79,0.033333333333333326,0.033333333333333326,0.033333333333333326,0.033333333333333326,0.033333333333333326,0.033333333333333326,0.033333333333333326,0.033333333333333326,0.033333333333333326,0.033333333333333326,0.033333333333333326,0.033333333333333326,0.033333333333333326,0.033333333333333326,0.033333333333333326,0.033333333333333326,0.033333333333333326,0.033333333333333326,0.033333333333333326,0.033333333333333326,0.033333333333333326,0.033333333333333326,0.033333333333333326,0.033333333333333326,0.033333333333333326,0.033333333333333326,0.033333333333333326,0.03333333333333335,0.03333333333333335,0.03333333333333335
80,0.03333333333333334,0.03333333333333333,0.03333333333333333,0.03333333333333333,0.03333333333333333,0.033333333333333354,0.03333333333333334,0.03333333333333334,0.03333333333333333,0.03333333333333333,0.03333333333333335,0.03333333333333335,0.03333333333333334,0.03333333333333333,0.03333333333333333,0.03333333333333334,0.03333333333333333,0.03333333333333333,0.03333333333333334,0.03333333333333333,0.03333333333333333,0.03333333333333333,0.03333333333333333,0.03333333333333333,0.03333333333333333,0.03333333333333335,0.03333333333333333,0.03333333333333333,0.03333333333333333,0.03333333333333333
81,0.03333333333333334,0.03333333333333334,0.03333333333333334,0.03333333333333334,0.03333333333333334,0.03333333333333334,0.03333333333333334,0.03333333333333334,0.03333333333333334,0.03333333333333333,0.03333333333333333,0.03333333333333333,0.03333333333333333,0.03333333333333334,0.03333333333333334,0.03333333333333334,0.03333333333333334,0.03333333333333334,0.03333333333333334,0.03333333333333333,0.03333333333333334,0.03333333333333333,0.03333333333333334,0.03333333333333333,0.03333333333333333,0.03333333333333334,0.03333333333333334,0.03333333333333334,0.03333333333333334,0.03333333333333334
82,0.033333333333333326,0.033333333333333326,0.033333333333333326,0.033333333333333326,0.03333333333333333,0.033333333333333326,0.03333333333333333,0.033333333333333326,0.033333333333333326,0.033333333333333326,0.033333333333333326,0.033333333333333326,0.033333333333333326,0.033333333333333326,0.033333333333333326,0.03333333333333333,0.033333333333333326,0.033333333333333326,0.033333333333333326,0.033333333333333326,0.033333333333333326,0.03333333333333333,0.033333333333333326,0.033333333333333326,0.033333333333333326,0.033333333333333326,0.03333333333333333,0.033333333333333326,0.033333333333333326,0.03333333333333351
83,0.03333333333333333,0.03333333333333333,0.03333333333333334,0.03333333333333333,0.03333333333333333,0.03333333333333335,0.03333333333333333,0.03333333333333333,0.03333333333333333,0.03333333333333333,0.03333333333333333,0.03333333333333333,0.03333333333333333,0.03333333333333333,0.03333333333333333,0.03333333333333333,0.03333333333333333,0.03333333333333333,0.03333333333333335,0.03333333333333333,0.03333333333333333,0.03333333333333333,0.03333333333333333,0.03333333333333333,0.03333333333333333,0.03333333333333333,0.03333333333333333,0.03333333333333333,0.03333333333333333,0.03333333333333333
84,0.03333333333333333,0.03333333333333333,0.03333333333333333,0.03333333333333333,0.03333333333333333,0.03333333333333333,0.03333333333333333,0.03333333333333333,0.03333333333333333,0.03333333333333333,0.03333333333333333,0.03333333333333333,0.03333333333333333,0.03333333333333333,0.03333333333333333,0.03333333333333333,0.03333333333333333,0.03333333333333333,0.03333333333333333,0.03333333333333333,0.03333333333333333,0.03333333333333333,0.03333333333333333,0.03333333333333333,0.03333333333333333,0.03333333333333333,0.03333333333333333,0.03333333333333333,0.03333333333333335,0.03333333333333335
85,0.03333333333333333,0.03333333333333333,0.03333333333333333,0.03333333333333333,0.03333333333333333,0.03333333333333333,0.03333333333333333,0.03333333333333333,0.03333333333333333,0.03333333333333333,0.03333333333333333,0.03333333333333333,0.03333333333333333,0.03333333333333333,0.03333333333333333,0.03333333333333333,0.03333333333333333,0.03333333333333333,0.03333333333333333,0.03333333333333333,0.03333333333333333,0.03333333333333333,0.03333333333333333,0.03333333333333333,0.03333333333333333,0.03333333333333333,0.03333333333333333,0.03333333333333333,0.03333333333333333,0.03333333333333333
86,0.03333333333333333,0.03333333333333333,0.03333333333333333,0.03333333333333333,0.03333333333333333,0.03333333333333333,0.03333333333333333,0.03333333333333333,0.03333333333333333,0.03333333333333333,0.03333333333333333,0.03333333333333333,0.03333333333333333,0.03333333333333333,0.03333333333333333,0.03333333333333333,0.03333333333333333,0.03333333333333333,0.03333333333333333,0.03333333333333333,0.03333333333333333,0.03333333333333333,0.03333333333333333,0.03333333333333333,0.03333333333333333,0.03333333333333333,0.03333333333333333,0.03333333333333333,0.03333333333333333,0.0333333333333333
87,0.033333333333333326,0.033333333333333326,0.033333333333333326,0.033333333333333326,0.033333333333333326,0.033333333333333326,0.033333333333333326,0.033333333333333326,0.033333333333333326,0.03333333333333333,0.033333333333333326,0.033333333333333326,0.033333333333333326,0.033333333333333326,0.033333333333333326,0.033333333333333326,0.033333333333333326,0.033333333333333326,0.033333333333333326,0.033333333333333326,0.033333333333333326,0.033333333333333326,0.033333333333333326,0.033333333333333326,0.033333333333333326,0.033333333333333326,0.033333333333333326,0.033333333333333326,0.033333333333333395,0.033333333333333395
88,0.03333333333333333,0.03333333333333333,0.03333333333333333,0.03333333333333333,0.03333333333333333,0.03333333333333333,0.03333333333333333,0.03333333333333333,0.03333333333333333,0.03333333333333333,0.03333333333333333,0.03333333333333333,0.03333333333333333,0.03333333333333333,0.03333333333333333,0.03333333333333333,0.03333333333333333,0.03333333333333333,0.03333333333333333,0.03333333333333333,0.03333333333333333,0.03333333333333333,0.03333333333333333,0.03333333333333333,0.03333333333333333,0.03333333333333333,0.03333333333333333,0.03333333333333333,0.03333333333333333,0.03333333333333335
89,0.03333333333333334,0.03333333333333333,0.03333333333333333,0.03333333333333333,0.03333333333333333,0.03333333333333333,0.03333333333333333,0.03333333333333333,0.03333333333333333,0.03333333333333333,0.03333333333333333,0.03333333333333333,0.03333333333333333,0.03333333333333333,0.03333333333333333,0.03333333333333333,0.03333333333333333,0.03333333333333333,0.03333333333333333,0.03333333333333333,0.03333333333333333,0.03333333333333333,0.03333333333333333,0.03333333333333333,0.03333333333333333,0.03333333333333333,0.03333333333333333,0.03333333333333333,0.03333333333333333,0.03333333333333341
90,0.03333333333333333,0.03333333333333333,0.03333333333333333,0.03333333333333333,0.03333333333333333,0.03333333333333333,0.03333333333333333,0.03333333333333333,0.03333333333333333,0.03333333333333333,0.03333333333333333,0.03333333333333333,0.03333333333333333,0.03333333333333333,0.03333333333333333,0.03333333333333333,0.03333333333333333,0.03333333333333333,0.03333333333333333,0.03333333333333333,0.03333333333333333,0.03333333333333333,0.03333333333333333,0.03333333333333333,0.03333333333333333,0.03333333333333334,0.03333333333333333,0.03333333333333333,0.03333333333333333,0.03333333333333333
91,0.03333333333333333,0.03333333333333333,0.03333333333333333,0.03333333333333333,0.03333333333333333,0.03333333333333333,0.03333333333333333,0.03333333333333333,0.03333333333333333,0.03333333333333333,0.03333333333333333,0.03333333333333333,0.03333333333333333,0.03333333333333333,0.03333333333333333,0.03333333333333333,0.03333333333333333,0.03333333333333333,0.03333333333333333,0.03333333333333333,0.03333333333333333,0.03333333333333333,0.03333333333333333,0.03333333333333333,0.03333333333333333,0.03333333333333333,0.03333333333333333,0.03333333333333333,0.03333333333333333,0.03333333333333334
92,0.03333333333333333,0.03333333333333333,0.03333333333333333,0.03333333333333333,0.03333333333333333,0.03333333333333333,0.03333333333333333,0.03333333333333333,0.03333333333333333,0.03333333333333333,0.03333333333333333,0.03333333333333333,0.03333333333333333,0.03333333333333333,0.03333333333333333,0.03333333333333333,0.03333333333333333,0.03333333333333333,0.03333333333333333,0.03333333333333333,0.03333333333333333,0.03333333333333333,0.03333333333333333,0.03333333333333333,0.03333333333333333,0.03333333333333333,0.03333333333333333,0.03333333333333333,0.03333333333333333,0.03333333333333334
93,0.03333333333333333,0.03333333333333333,0.03333333333333333,0.03333333333333333,0.03333333333333333,0.03333333333333333,0.03333333333333333,0.03333333333333333,0.03333333333333333,0.03333333333333333,0.03333333333333333,0.03333333333333333,0.03333333333333333,0.03333333333333333,0.03333333333333333,0.03333333333333333,0.03333333333333333,0.03333333333333333,0.03333333333333333,0.03333333333333333,0.03333333333333333,0.03333333333333333,0.03333333333333333,0.03333333333333333,0.03333333333333333,0.03333333333333333,0.03333333333333333,0.03333333333333333,0.03333333333333332,0.03333333333333332
94,0.033333333333333326,0.033333333333333326,0.033333333333333326,0.033333333333333326,0.033333333333333326,0.033333333333333326,0.033333333333333326,0.033333333333333326,0.033333333333333326,0.033333333333333326,0.033333333333333326,0.033333333333333326,0.033333333333333326,0.033333333333333326,0.033333333333333326,0.033333333333333326,0.033333333333333326,0.033333333333333326,0.033333333333333326,0.033333333333333326,0.033333333333333326,0.033333333333333326,0.033333333333333326,0.033333333333333354,0.033333333333333354,0.033333333333333354,0.033333333333333354,0.033333333333333354,0.033333333333333354,0.033333333333333354
95,0.03333333333333333,0.03333333333333333,0.03333333333333333,0.03333333333333333,0.03333333333333333,0.03333333333333333,0.03333333333333333,0.03333333333333333,0.03333333333333333,0.03333333333333333,0.03333333333333333,0.03333333333333333,0.03333333333333333,0.03333333333333333,0.03333333333333333,0.03333333333333333,0.03333333333333333,0.03333333333333333,0.03333333333333333,0.03333333333333333,0.03333333333333333,0.03333333333333333,0.03333333333333333,0.03333333333333333,0.03333333333333333,0.03333333333333333,0.0333333333333333,0.0333333333333333,0.0333333333333333,0.0333333333333333
96,0.03333333333333333,0.03333333333333333,0.03333333333333333,0.03333333333333333,0.03333333333333333,0.03333333333333333,0.03333333333333333,0.03333333333333333,0.03333333333333333,0.03333333333333333,0.03333333333333333,0.03333333333333333,0.03333333333333333,0.03333333333333333,0.03333333333333333,0.03333333333333333,0.03333333333333333,0.03333333333333333,0.03333333333333333,0.03333333333333333,0.03333333333333333,0.03333333333333333,0.03333333333333333,0.03333333333333333,0.03333333333333333,0.03333333333333333,0.03333333333333333,0.03333333333333333,0.03333333333333333,0.0333333333333333
97,0.03333333333333333,0.03333333333333333,0.03333333333333333,0.03333333333333333,0.03333333333333333,0.03333333333333333,0.03333333333333333,0.03333333333333333,0.03333333333333333,0.03333333333333333,0.03333333333333333,0.03333333333333333,0.03333333333333333,0.03333333333333333,0.03333333333333333,0.03333333333333333,0.03333333333333333,0.03333333333333333,0.03333333333333333,0.03333333333333333,0.03333333333333333,0.03333333333333333,0.03333333333333333,0.03333333333333333,0.03333333333333333,0.03333333333333333,0.03333333333333333,0.033333333333333326,0.033333333333333326,0.033333333333333326
98,0.03333333333333333,0.03333333333333333,0.03333333333333333,0.03333333333333333,0.03333333333333333,0.03333333333333333,0.03333333333333333,0.03333333333333333,0.03333333333333333,0.03333333333333333,0.03333333333333333,0.03333333333333333,0.03333333333333333,0.03333333333333333,0.03333333333333333,0.03333333333333333,0.03333333333333333,0.03333333333333333,0.03333333333333333,0.03333333333333333,0.03333333333333333,0.03333333333333333,0.03333333333333333,0.03333333333333333,0.03333333333333333,0.03333333333333333,0.03333333333333333,0.03333333333333333,0.033333333333333326,0.033333333333333326
99,0.03333333333333333,0.03333333333333333,0.03333333333333333,0.03333333333333333,0.03333333333333333,0.03333333333333333,0.03333333333333333,0.03333333333333333,0.03333333333333333,0.03333333333333333,0.03333333333333333,0.03333333333333333,0.03333333333333333,0.03333333333333333,0.03333333333333333,0.03333333333333333,0.03333333333333333,0.03333333333333333,0.03333333333333333,0.03333333333333333,0.03333333333333333,0.03333333333333333,0.03333333333333333,0.03333333333333333,0.03333333333333333,0.03333333333333333,0.03333333333333332,0.03333333333333332,0.03333333333333332,0.03333333333333332
100,0.033333333333333326,0.033333333333333326,0.033333333333333326,0.033333333333333326,0.033333333333333326,0.033333333333333326,0.033333333333333326,0.033333333333333326,0.033333333333333326,0.033333333333333326,0.033333333333333326,0.033333333333333326,0.033333333333333326,0.033333333333333326,0.033333333333333326,0.033333333333333326,0.033333333333333326,0.033333333333333326,0.033333333333333326,0.033333333333333326,0.033333333333333326,0.033333333333333326,0.033333333333333326,0.033333333333333326,0.033333333333333326,0.03333333333333336,0.03333333333333336,0.03333333333333336,0.03333333333333336,0.03333333333333336
101,0.03333333333333333,0.03333333333333333,0.03333333333333333,0.03333333333333333,0.03333333333333333,0.03333333333333333,0.03333333333333333,0.03333333333333333,0.03333333333333333,0.03333333333333333,0.03333333333333333,0.03333333333333333,0.03333333333333333,0.03333333333333333,0.03333333333333333,0.03333333333333333,0.03333333333333333,0.03333333333333333,0.03333333333333333,0.03333333333333333,0.03333333333333333,0.03333333333333333,0.03333333333333333,0.03333333333333333,0.03333333333333333,0.03333333333333333,0.03333333333333333,0.03333333333333333,0.033333333333333326,0.033333333333333326
102,0.03333333333333333,0.03333333333333333,0.03333333333333333,0.03333333333333333,0.03333333333333333,0.03333333333333333,0.03333333333333333,0.03333333333333333,0.03333333333333333,0.03333333333333333,0.03333333333333333,0.03333333333333333,0.03333333333333333,0.03333333333333333,0.03333333333333333,0.03333333333333333,0.03333333333333333,0.03333333333333333,0.03333333333333333,0.03333333333333333,0.03333333333333333,0.03333333333333333,0.03333333333333333,0.03333333333333333,0.03333333333333333,0.03333333333333333,0.03333333333333333,0.03333333333333333,0.03333333333333333,0.03333333333333333
103,0.03333333333333333,0.03333333333333333,0.03333333333333333,0.03333333333333333,0.03333333333333333,0.03333333333333333,0.03333333333333333,0.03333333333333333,0.03333333333333333,0.03333333333333333,0.03333333333333333,0.03333333333333333,0.03333333333333333,0.03333333333333333,0.03333333333333333,0.03333333333333333,0.03333333333333333,0.03333333333333333,0.03333333333333333,0.03333333333333333,0.03333333333333333,0.03333333333333333,0.03333333333333333,0.03333333333333333,0.03333333333333333,0.03333333333333333,0.03333333333333333,0.03333333333333333,0.03333333333333333,0.03333333333333333
104,0.03333333333333333,0.03333333333333334,0.033333333333333326,0.03333333333333334,0.03333333333333334,0.03333333333333334,0.03333333333333333,0.033333333333333326,0.03333333333333334,0.03333333333333333,0.03333333333333334,0.03333333333333334,0.03333333333333334,0.03333333333333334,0.03333333333333333,0.03333333333333334,0.03333333333333334,0.03333333333333333,0.03333333333333334,0.03333333333333334,0.03333333333333333,0.03333333333333334,0.03333333333333333,0.03333333333333334,0.03333333333333334,0.03333333333333334,0.03333333333333334,0.03333333333333334,0.03333333333333334,0.03333333333333333
105,0.03333333333333333,0.03333333333333333,0.03333333333333333,0.03333333333333333,0.03333333333333333,0.03333333333333333,0.03333333333333333,0.03333333333333333,0.03333333333333333,0.03333333333333333,0.03333333333333333,0.03333333333333333,0.03333333333333333,0.03333333333333333,0.03333333333333333,0.03333333333333333,0.03333333333333333,0.03333333333333333,0.03333333333333333,0.03333333333333333,0.03333333333333333,0.03333333333333333,0.03333333333333333,0.03333333333333333,0.033333333333333354,0.033333333333333354,0.033333333333333354,0.033333333333333354,0.033333333333333354,0.033333333333333354
106,0.03333333333333333,0.03333333333333333,0.03333333333333333,0.03333333333333333,0.03333333333333333,0.03333333333333333,0.03333333333333333,0.03333333333333333,0.03333333333333333,0.03333333333333333,0.03333333333333333,0.03333333333333333,0.03333333333333333,0.03333333333333333,0.03333333333333333,0.03333333333333333,0.03333333333333333,0.03333333333333333,0.03333333333333333,0.03333333333333333,0.03333333333333333,0.03333333333333333,0.03333333333333333,0.03333333333333333,0.03333333333333333,0.03333333333333333,0.03333333333333336,0.03333333333333336,0.03333333333333336,0.03333333333333336
107,0.03333333333333334,0.03333333333333334,0.03333333333333334,0.03333333333333334,0.03333333333333334,0.03333333333333334,0.03333333333333334,0.03333333333333334,0.03333333333333334,0.03333333333333334,0.03333333333333334,0.03333333333333334,0.03333333333333334,0.03333333333333334,0.03333333333333334,0.03333333333333334,0.03333333333333334,0.03333333333333334,0.03333333333333334,0.03333333333333334,0.03333333333333334,0.03333333333333334,0.03333333333333334,0.03333333333333334,0.03333333333333334,0.03333333333333334,0.03333333333333334,0.0333333333333333,0.0333333333333333,0.0333333333333333
108,0.03333333333333333,0.03333333333333333,0.03333333333333333,0.03333333333333333,0.03333333333333333,0.03333333333333333,0.03333333333333333,0.03333333333333333,0.03333333333333333,0.03333333333333333,0.03333333333333333,0.03333333333333333,0.03333333333333333,0.03333333333333333,0.03333333333333333,0.03333333333333333,0.03333333333333333,0.03333333333333333,0.03333333333333333,0.03333333333333333,0.03333333333333333,0.03333333333333333,0.03333333333333333,0.03333333333333333,0.03333333333333333,0.03333333333333333,0.03333333333333333,0.03333333333333333,0.03333333333333333,0.03333333333333333
109,0.03333333333333333,0.03333333333333333,0.03333333333333333,0.03333333333333335,0.033333333333333354,0.03333333333333333,0.03333333333333333,0.03333333333333333,0.03333333333333334,0.03333333333333333,0.03333333333333333,0.03333333333333333,0.03333333333333334,0.03333333333333334,0.03333333333333336,0.03333333333333333,0.03333333333333333,0.03333333333333334,0.03333333333333333,0.03333333333333333,0.03333333333333333,0.03333333333333333,0.03333333333333334,0.03333333333333333,0.03333333333333333,0.03333333333333333,0.03333333333333334,0.03333333333333335,0.03333333333333333,0.03333333333333333
110,0.03333333333333333,0.03333333333333333,0.03333333333333333,0.03333333333333333,0.03333333333333333,0.03333333333333333,0.03333333333333333,0.03333333333333333,0.03333333333333333,0.03333333333333333,0.03333333333333333,0.03333333333333333,0.03333333333333334,0.03333333333333333,0.03333333333333333,0.03333333333333333,0.03333333333333334,0.03333333333333333,0.03333333333333333,0.03333333333333333,0.03333333333333333,0.03333333333333333,0.03333333333333333,0.03333333333333333,0.03333333333333333,0.03333333333333333,0.03333333333333333,0.03333333333333333,0.03333333333333333,0.03333333333333341
111,0.03333333333333333,0.03333333333333333,0.03333333333333333,0.03333333333333333,0.03333333333333333,0.03333333333333333,0.03333333333333333,0.03333333333333333,0.03333333333333333,0.03333333333333333,0.03333333333333333,0.03333333333333333,0.03333333333333333,0.03333333333333333,0.03333333333333333,0.03333333333333333,0.03333333333333333,0.03333333333333333,0.03333333333333333,0.03333333333333333,0.03333333333333333,0.03333333333333333,0.03333333333333333,0.03333333333333333,0.03333333333333333,0.03333333333333333,0.03333333333333333,0.03333333333333333,0.03333333333333333,0.03333333333333333
112,0.03333333333333333,0.03333333333333333,0.03333333333333333,0.03333333333333333,0.03333333333333333,0.03333333333333333,0.03333333333333333,0.03333333333333333,0.03333333333333333,0.03333333333333333,0.03333333333333333,0.03333333333333333,0.03333333333333333,0.03333333333333333,0.03333333333333333,0.03333333333333333,0.03333333333333333,0.03333333333333333,0.03333333333333333,0.03333333333333333,0.03333333333333333,0.03333333333333333,0.03333333333333333,0.03333333333333333,0.03333333333333333,0.03333333333333333,0.03333333333333333,0.03333333333333333,0.03333333333333333,0.03333333333333333
113,0.03333333333333333,0.03333333333333333,0.03333333333333333,0.03333333333333333,0.03333333333333333,0.03333333333333333,0.03333333333333333,0.03333333333333333,0.03333333333333333,0.03333333333333333,0.03333333333333333,0.03333333333333333,0.03333333333333333,0.03333333333333333,0.03333333333333333,0.03333333333333333,0.03333333333333333,0.03333333333333333,0.03333333333333333,0.03333333333333333,0.03333333333333333,0.03333333333333333,0.03333333333333333,0.03333333333333333,0.03333333333333333,0.03333333333333333,0.03333333333333333,0.03333333333333333,0.03333333333333333,0.03333333333333333
114,0.03333333333333333,0.03333333333333333,0.03333333333333333,0.03333333333333333,0.03333333333333333,0.03333333333333333,0.03333333333333333,0.03333333333333333,0.03333333333333333,0.03333333333333333,0.03333333333333333,0.03333333333333333,0.03333333333333333,0.03333333333333333,0.03333333333333333,0.03333333333333333,0.03333333333333333,0.03333333333333333,0.03333333333333333,0.03333333333333333,0.03333333333333333,0.03333333333333333,0.03333333333333333,0.03333333333333333,0.03333333333333333,0.03333333333333333,0.03333333333333333,0.03333333333333333,0.03333333333333333,0.03333333333333333
115,0.03333333333333333,0.03333333333333333,0.03333333333333333,0.03333333333333333,0.03333333333333333,0.03333333333333333,0.03333333333333333,0.03333333333333333,0.03333333333333333,0.03333333333333333,0.03333333333333333,0.03333333333333333,0.03333333333333333,0.03333333333333333,0.03333333333333333,0.03333333333333333,0.03333333333333333,0.03333333333333333,0.03333333333333333,0.03333333333333333,0.03333333333333333,0.03333333333333333,0.03333333333333333,0.03333333333333333,0.03333333333333333,0.03333333333333333,0.03333333333333333,0.03333333333333333,0.03333333333333333,0.033333333333333305
116,0.03333333333333333,0.03333333333333333,0.03333333333333333,0.03333333333333333,0.03333333333333333,0.03333333333333333,0.03333333333333333,0.03333333333333333,0.03333333333333333,0.03333333333333333,0.03333333333333333,0.03333333333333333,0.03333333333333333,0.03333333333333333,0.03333333333333333,0.03333333333333333,0.03333333333333333,0.03333333333333333,0.03333333333333333,0.03333333333333333,0.03333333333333333,0.03333333333333333,0.03333333333333333,0.03333333333333333,0.03333333333333333,0.03333333333333333,0.03333333333333333,0.03333333333333333,0.03333333333333333,0.03333333333333333
117,0.03333333333333333,0.03333333333333333,0.03333333333333333,0.03333333333333333,0.03333333333333333,0.03333333333333333,0.03333333333333333,0.03333333333333333,0.03333333333333333,0.03333333333333333,0.03333333333333333,0.03333333333333333,0.03333333333333333,0.03333333333333333,0.03333333333333333,0.03333333333333333,0.03333333333333333,0.03333333333333333,0.03333333333333333,0.03333333333333333,0.03333333333333333,0.03333333333333333,0.03333333333333333,0.03333333333333333,0.03333333333333333,0.03333333333333333,0.03333333333333333,0.03333333333333333,0.03333333333333335,0.03333333333333335
118,0.033333333333333326,0.03333333333333333,0.033333333333333326,0.033333333333333326,0.033333333333333326,0.033333333333333326,0.033333333333333326,0.033333333333333326,0.033333333333333326,0.033333333333333326,0.03333333333333333,0.033333333333333326,0.033333333333333326,0.033333333333333326,0.033333333333333326,0.033333333333333326,0.033333333333333326,0.033333333333333326,0.033333333333333326,0.033333333333333326,0.033333333333333326,0.033333333333333326,0.033333333333333326,0.033333333333333326,0.033333333333333326,0.033333333333333326,0.033333333333333326,0.033333333333333326,0.033333333333333326,0.033333333333333444
119,0.033333333333333326,0.033333333333333326,0.033333333333333326,0.033333333333333326,0.033333333333333326,0.033333333333333326,0.033333333333333326,0.033333333333333326,0.033333333333333326,0.033333333333333326,0.033333333333333326,0.033333333333333326,0.033333333333333326,0.033333333333333326,0.033333333333333326,0.033333333333333326,0.033333333333333326,0.033333333333333326,0.033333333333333326,0.033333333333333326,0.033333333333333326,0.033333333333333326,0.033333333333333326,0.033333333333333326,0.033333333333333326,0.033333333333333326,0.033333333333333326,0.033333333333333326,0.033333333333333395,0.033333333333333395
120,0.03333333333333333,0.03333333333333333,0.03333333333333333,0.03333333333333333,0.03333333333333333,0.03333333333333333,0.03333333333333333,0.03333333333333333,0.03333333333333333,0.03333333333333333,0.03333333333333333,0.03333333333333333,0.03333333333333333,0.03333333333333333,0.03333333333333333,0.03333333333333333,0.03333333333333333,0.03333333333333333,0.03333333333333333,0.03333333333333333,0.03333333333333333,0.03333333333333333,0.03333333333333333,0.03333333333333333,0.03333333333333333,0.03333333333333333,0.03333333333333333,0.03333333333333333,0.03333333333333333,0.03333333333333333
121,0.03333333333333333,0.03333333333333333,0.03333333333333333,0.03333333333333333,0.03333333333333333,0.03333333333333333,0.03333333333333333,0.03333333333333333,0.03333333333333333,0.03333333333333333,0.03333333333333333,0.03333333333333333,0.03333333333333333,0.03333333333333333,0.03333333333333333,0.03333333333333333,0.03333333333333333,0.03333333333333333,0.03333333333333333,0.03333333333333333,0.03333333333333333,0.03333333333333333,0.03333333333333333,0.03333333333333333,0.03333333333333333,0.03333333333333333,0.03333333333333333,0.033333333333333326,0.033333333333333326,0.033333333333333326
